{
  "project_info": {
    "project_number": "102818432880",
    "firebase_url": "https://chat-feature-e0cf7.firebaseio.com",
    "project_id": "chat-feature-e0cf7",
    "storage_bucket": "chat-feature-e0cf7.appspot.com"
  },
  "client": [
    {
      "client_info": {
        "mobilesdk_app_id": "1:102818432880:android:27799bc3390d315c4e71b5",
        "android_client_info": {
          "package_name": "com.example.isaiah_pc.connected_through_code"
        }
      },
      "oauth_client": [
        {
          "client_id": "102818432880-relppoe7fj9rp241cr53ms0ofghvut0m.apps.googleusercontent.com",
          "client_type": 1,
          "android_info": {
            "package_name": "com.example.isaiah_pc.connected_through_code",
            "certificate_hash": "69570fa632e0504e2cfd1da355396c98a769ab01"
          }
        },
        {
          "client_id": "102818432880-v74je72s986581mk2p2mjs09oo5em0sp.apps.googleusercontent.com",
          "client_type": 3
        }
      ],
      "api_key": [
        {
          "current_key": "AIzaSyA7BrIfKRA5mBtzdPSlTKu6wUrsTiEkfoM"
        }
      ],
      "services": {
        "appinvite_service": {
          "other_platform_oauth_client": [
            {
              "client_id": "102818432880-v74je72s986581mk2p2mjs09oo5em0sp.apps.googleusercontent.com",
              "client_type": 3
            }
          ]
        }
      }
    }
  ],
  "configuration_version": "1"
}